USER_NAME,ROLE_NAME,LOCATION,Novex Role
32002455,IL_PLANING_OFFCER,1183,SOD Planning Officer
31968130,IL_PLANING_OFFCER,1187,SOD Planning Officer
31978020,IL_PLANING_OFFCER,1254,SOD Planning Officer
31969890,IL_PLANING_OFFCER,1305,SOD Planning Officer
35416640,IL_PLANING_OFFCER,1341,SOD Planning Officer
31951830,IL_PLANING_OFFCER,1895,SOD Planning Officer
35419750,IL_PLANING_OFFCER,1895,SOD Planning Officer
31951670,IL_PLANING_OFFCER,1992,SOD Planning Officer
31952490,IL_PLANING_OFFCER,1992,SOD Planning Officer
31939740,IL_PLANING_OFFCER,1999,SOD Planning Officer
35324330,IL_PLANING_OFFCER,3698,SOD Planning Officer
31927000,IL_PLANING_OFFCER,4546,SOD Planning Officer
31921880,IL_PLANT_INCHARG,1504,Plant Incharge SOD 
31924140,IL_PLANT_INCHARG,1636,Plant Incharge SOD 
31924520,IL_DGM_SODZONE,1350,Zonal LPG SOD
31908830,IL_CHMNGR_DNTSODZONE,1350,Zonal SOD
31942330,IL_PLANING_OFFCER,1554,SOD Planning Officer
31970560,IL_PLANING_OFFCER,1221,SOD Planning Officer
31940910,IL_PLANING_OFFCER,1292,SOD Planning Officer
31968640,IL_PLANING_OFFCER,1319,SOD Planning Officer
31952370,IL_PLANING_OFFCER,1385,SOD Planning Officer
31955670,IL_PLANING_OFFCER,1436,SOD Planning Officer
32002301,IL_PLANING_OFFCER,1504,SOD Planning Officer
31966720,IL_PLANING_OFFCER,1546,SOD Planning Officer
31914890,IL_PLANING_OFFCER,1584,SOD Planning Officer
31952140,IL_PLANING_OFFCER,1630,SOD Planning Officer
31972210,IL_PLANING_OFFCER,1650,SOD Planning Officer
31927060,IL_PLANING_OFFCER,1712,SOD Planning Officer
31930550,IL_PLANING_OFFCER,1777,SOD Planning Officer
30063250,IL_PLANING_OFFCER,4546,SOD Planning Officer
31958360,IL_MNGR_DNTSODZONE,1370,Zonal SOD
31913620,IL_OPNHEAD_SODZONE,1350,Zonal Head LEVEL SOD
31951390,IL_PLANING_OFFCER,1180,SOD Planning Officer
31969070,IL_PLANING_OFFCER,1254,SOD Planning Officer
31977600,IL_PLANING_OFFCER,1259,SOD Planning Officer
31994650,IL_PLANING_OFFCER,1281,SOD Planning Officer
31985810,IL_PLANING_OFFCER,1308,SOD Planning Officer
31952580,IL_PLANING_OFFCER,1457,SOD Planning Officer
31989570,IL_PLANING_OFFCER,1588,SOD Planning Officer
31944940,IL_PLANING_OFFCER,1644,SOD Planning Officer
31905090,IL_PLANING_OFFCER,1644,SOD Planning Officer
31928150,IL_PLANING_OFFCER,1712,SOD Planning Officer
31990380,IL_PLANING_OFFCER,1777,SOD Planning Officer
31926820,IL_PLANING_OFFCER,1991,SOD Planning Officer
31974110,IL_PLANING_OFFCER,4664,SOD Planning Officer
31924070,IL_PLANT_INCHARG,1265,Plant Incharge SOD 
31924640,IL_PLANT_INCHARG,1412,Plant Incharge SOD 
31923050,IL_CHMNGR_DNTSODZONE,1191,Zonal SOD
31915970,IL_DGM_SODZONE,1662,Zonal LPG SOD
31904950,IL_DGM_SODZONE,7020,Zonal LPG SOD
31913680,IL_GM_SOD,1000,HQO SOD
31905960,IL_OPNHEAD_SODZONE,1670,Zonal Head LEVEL SOD
31972980,IL_PLANING_OFFCER,1164,SOD Planning Officer
31980030,IL_PLANING_OFFCER,1187,SOD Planning Officer
31999570,IL_PLANING_OFFCER,1292,SOD Planning Officer
31967650,IL_PLANING_OFFCER,1305,SOD Planning Officer
31982590,IL_PLANING_OFFCER,1385,SOD Planning Officer
31911190,IL_PLANING_OFFCER,1527,SOD Planning Officer
32002152,IL_PLANING_OFFCER,1546,SOD Planning Officer
31970370,IL_PLANING_OFFCER,1588,SOD Planning Officer
31929430,IL_PLANING_OFFCER,1630,SOD Planning Officer
31923560,IL_PLANING_OFFCER,1656,SOD Planning Officer
31950620,IL_PLANING_OFFCER,1777,SOD Planning Officer
32002234,IL_PLANING_OFFCER,1833,SOD Planning Officer
31989450,IL_PLANING_OFFCER,1845,SOD Planning Officer
31982790,IL_PLANING_OFFCER,1999,SOD Planning Officer
31909580,IL_PLANT_INCHARG,4546,Plant Incharge SOD 
31923690,IL_PLANT_INCHARG,1449,Plant Incharge SOD 
31910340,IL_PLANT_INCHARG,1584,Plant Incharge SOD 
31905650,IL_PLANT_INCHARG,1777,Plant Incharge SOD 
35325620,IL_PLANT_INCHARG,1879,Plant Incharge SOD 
31902320,IL_PLANT_INCHARG,1979,Plant Incharge SOD 
31928510,IL_CHMNGR_DNTSODZONE,1600,Zonal SOD
32002495,IL_PLANING_OFFCER,1164,SOD Planning Officer
31954850,IL_PLANING_OFFCER,1319,SOD Planning Officer
31959810,IL_PLANING_OFFCER,1341,SOD Planning Officer
31978750,IL_PLANING_OFFCER,1412,SOD Planning Officer
31992500,IL_PLANING_OFFCER,1449,SOD Planning Officer
31980230,IL_PLANING_OFFCER,1457,SOD Planning Officer
31983060,IL_PLANING_OFFCER,1644,SOD Planning Officer
30075630,IL_PLANING_OFFCER,1644,SOD Planning Officer
31959070,IL_PLANING_OFFCER,1650,SOD Planning Officer
32002412,IL_PLANING_OFFCER,1677,SOD Planning Officer
31969790,IL_PLANING_OFFCER,1871,SOD Planning Officer
31995670,IL_PLANING_OFFCER,1895,SOD Planning Officer
35325670,IL_PLANING_OFFCER,1919,SOD Planning Officer
31923400,IL_PLANT_INCHARG,1157,Plant Incharge SOD 
31911850,IL_PLANT_INCHARG,1397,Plant Incharge SOD 
31917500,IL_CHMNGR_DNTSODZONE,1370,Zonal SOD
31907700,IL_CHMNGR_DNTSODZONE,1600,Zonal SOD
31906320,IL_DGM_SODNFP,1000,HQO SOD
31927640,IL_DGM_SODNFP,1000,HQO SOD
31909600,IL_DGM_SODZONE,1120,Zonal LPG SOD
31903500,IL_DGM_SODZONE,1370,Zonal LPG SOD
31924520,IL_MNGR_DNTSODZONE,1100,Zonal SOD
31901240,IL_OPNHEAD_SODZONE,1730,Zonal Head LEVEL SOD
31993120,IL_PLANING_OFFCER,1180,SOD Planning Officer
31952290,IL_PLANING_OFFCER,1128,SOD Planning Officer
31980920,IL_PLANING_OFFCER,1164,SOD Planning Officer
31939720,IL_PLANING_OFFCER,1183,SOD Planning Officer
31954980,IL_PLANING_OFFCER,1216,SOD Planning Officer
32001810,IL_PLANING_OFFCER,1221,SOD Planning Officer
31965010,IL_PLANING_OFFCER,1254,SOD Planning Officer
32002492,IL_PLANING_OFFCER,1256,SOD Planning Officer
31971090,IL_PLANING_OFFCER,1435,SOD Planning Officer
31951620,IL_PLANING_OFFCER,1546,SOD Planning Officer
35296350,IL_PLANING_OFFCER,1650,SOD Planning Officer
31990030,IL_PLANING_OFFCER,1797,SOD Planning Officer
35325520,IL_PLANING_OFFCER,1845,SOD Planning Officer
31961800,IL_PLANING_OFFCER,1892,SOD Planning Officer
31954260,IL_PLANING_OFFCER,1919,SOD Planning Officer
32002078,IL_PLANING_OFFCER,1992,SOD Planning Officer
32002248,IL_PLANING_OFFCER,4546,SOD Planning Officer
31913080,IL_PLANING_OFFCER,4546,SOD Planning Officer
31979730,IL_PLANING_OFFCER,4546,SOD Planning Officer
31985930,IL_PLANING_OFFCER,4664,SOD Planning Officer
31900890,IL_PLANT_INCHARG,1775,Plant Incharge SOD 
31904220,IL_DGM_SODZONE,1191,Zonal LPG SOD
31900750,IL_DGM_SODZONE,1370,Zonal LPG SOD
31902150,IL_DGM_SODZONE,1750,Zonal LPG SOD
31904390,IL_DGM_SODZONE,1770,Zonal LPG SOD
31901490,IL_DGM_SODZONE,7020,Zonal LPG SOD
31900750,IL_OPNHEAD_SODZONE,1370,Zonal Head LEVEL SOD
31962370,IL_PLANING_OFFCER,1146,SOD Planning Officer
35415880,IL_PLANING_OFFCER,1292,SOD Planning Officer
31981160,IL_PLANING_OFFCER,1305,SOD Planning Officer
31979890,IL_PLANING_OFFCER,1334,SOD Planning Officer
31978380,IL_PLANING_OFFCER,1385,SOD Planning Officer
31968700,IL_PLANING_OFFCER,1457,SOD Planning Officer
32002366,IL_PLANING_OFFCER,1485,SOD Planning Officer
31993060,IL_PLANING_OFFCER,1509,SOD Planning Officer
31952430,IL_PLANING_OFFCER,1527,SOD Planning Officer
30067140,IL_PLANING_OFFCER,1585,SOD Planning Officer
31959840,IL_PLANING_OFFCER,1588,SOD Planning Officer
32002250,IL_PLANING_OFFCER,1775,SOD Planning Officer
31994360,IL_PLANING_OFFCER,1845,SOD Planning Officer
31994750,IL_PLANING_OFFCER,1979,SOD Planning Officer
30067270,IL_PLANT_INCHARG,1644,Plant Incharge SOD 
31905960,IL_DGM_SODZONE,1662,Zonal LPG SOD
31911840,IL_DGM_SODZONE,1750,Zonal LPG SOD
31948890,IL_MANAGER_SOD,1000,HQO SOD
31906900,IL_OPNHEAD_SODZONE,1750,Zonal Head LEVEL SOD
31950520,IL_PLANING_OFFCER,1554,SOD Planning Officer
32002458,IL_PLANING_OFFCER,1183,SOD Planning Officer
31980380,IL_PLANING_OFFCER,1183,SOD Planning Officer
31977810,IL_PLANING_OFFCER,1216,SOD Planning Officer
31971970,IL_PLANING_OFFCER,1216,SOD Planning Officer
31962080,IL_PLANING_OFFCER,1233,SOD Planning Officer
31962350,IL_PLANING_OFFCER,1242,SOD Planning Officer
31993050,IL_PLANING_OFFCER,1292,SOD Planning Officer
32001220,IL_PLANING_OFFCER,1308,SOD Planning Officer
31954130,IL_PLANING_OFFCER,1313,SOD Planning Officer
31982980,IL_PLANING_OFFCER,1435,SOD Planning Officer
31980270,IL_PLANING_OFFCER,1584,SOD Planning Officer
32002507,IL_PLANING_OFFCER,1584,SOD Planning Officer
31967290,IL_PLANING_OFFCER,1588,SOD Planning Officer
31955170,IL_PLANING_OFFCER,1650,SOD Planning Officer
31979540,IL_PLANING_OFFCER,1742,SOD Planning Officer
31927530,IL_PLANING_OFFCER,1742,SOD Planning Officer
31906960,IL_PLANING_OFFCER,1775,SOD Planning Officer
31939460,IL_PLANING_OFFCER,1999,SOD Planning Officer
31969780,IL_PLANING_OFFCER,1999,SOD Planning Officer
31975930,IL_PLANING_OFFCER,4546,SOD Planning Officer
31909580,IL_PLANING_OFFCER,4546,SOD Planning Officer
31953290,IL_PLANING_OFFCER,4957,SOD Planning Officer
31917490,IL_PLANT_INCHARG,1319,Plant Incharge SOD 
31902600,IL_PLANT_INCHARG,1334,Plant Incharge SOD 
31922910,IL_PLANT_INCHARG,1892,Plant Incharge SOD 
31947180,IL_CHMNGR_DNTSODZONE,1750,Zonal SOD
31972070,IL_MANAGER_SOD,1000,HQO SOD
31951430,IL_PLANING_OFFCER,1583,SOD Planning Officer
31958610,IL_PLANING_OFFCER,1146,SOD Planning Officer
31923550,IL_PLANING_OFFCER,1164,SOD Planning Officer
31926400,IL_PLANING_OFFCER,1164,SOD Planning Officer
35419730,IL_PLANING_OFFCER,1216,SOD Planning Officer
31939930,IL_PLANING_OFFCER,1216,SOD Planning Officer
32002377,IL_PLANING_OFFCER,1319,SOD Planning Officer
31941360,IL_PLANING_OFFCER,1397,SOD Planning Officer
31986390,IL_PLANING_OFFCER,1588,SOD Planning Officer
31952990,IL_PLANING_OFFCER,1797,SOD Planning Officer
31966010,IL_COLA_PLANNING,1000,COLA HQO Officer SOD
31927530,IL_PLANT_INCHARG,1742,Plant Incharge SOD 
31918770,IL_PLANT_INCHARG,1895,Plant Incharge SOD 
31917830,IL_DGM_SODNFP,1000,HQO SOD
31907340,IL_DGM_SODZONE,1350,Zonal LPG SOD
31901240,IL_DGM_SODZONE,1726,Zonal LPG SOD
31972950,IL_EXEOFF_DNTSODZONE,1750,Zonal SOD
31900670,IL_OPNHEAD_SODZONE,1600,Zonal Head LEVEL SOD
31968480,IL_PLANING_OFFCER,1554,SOD Planning Officer
31951480,IL_PLANING_OFFCER,1164,SOD Planning Officer
31977580,IL_PLANING_OFFCER,1256,SOD Planning Officer
31977950,IL_PLANING_OFFCER,1278,SOD Planning Officer
31995870,IL_PLANING_OFFCER,1281,SOD Planning Officer
31974570,IL_PLANING_OFFCER,1341,SOD Planning Officer
35418280,IL_PLANING_OFFCER,1410,SOD Planning Officer
31968490,IL_PLANING_OFFCER,1410,SOD Planning Officer
35419230,IL_PLANING_OFFCER,1412,SOD Planning Officer
31974940,IL_PLANING_OFFCER,1584,SOD Planning Officer
31927450,IL_PLANING_OFFCER,1775,SOD Planning Officer
31969760,IL_PLANING_OFFCER,1879,SOD Planning Officer
31976980,IL_PLANING_OFFCER,1915,SOD Planning Officer
31967280,IL_PLANING_OFFCER,1979,SOD Planning Officer
31913370,IL_GM_SOD,1000,HQO SOD
31951930,IL_MANAGER_SOD,1000,HQO SOD
31949090,IL_MANAGER_SOD,1000,HQO SOD
31905100,IL_OPNHEAD_SODZONE,1450,Zonal Head LEVEL SOD
31977150,IL_PLANING_OFFCER,1554,SOD Planning Officer
31994410,IL_PLANING_OFFCER,1554,SOD Planning Officer
31959660,IL_PLANING_OFFCER,1164,SOD Planning Officer
31982820,IL_PLANING_OFFCER,1256,SOD Planning Officer
32002129,IL_PLANING_OFFCER,1265,SOD Planning Officer
31960900,IL_PLANING_OFFCER,1281,SOD Planning Officer
32002362,IL_PLANING_OFFCER,1397,SOD Planning Officer
31989700,IL_PLANING_OFFCER,1504,SOD Planning Officer
31945140,IL_PLANING_OFFCER,1509,SOD Planning Officer
31941660,IL_PLANING_OFFCER,1527,SOD Planning Officer
31954160,IL_PLANING_OFFCER,1630,SOD Planning Officer
31984740,IL_PLANING_OFFCER,1630,SOD Planning Officer
31948390,IL_PLANING_OFFCER,1630,SOD Planning Officer
32002511,IL_PLANING_OFFCER,1644,SOD Planning Officer
31904270,IL_PLANING_OFFCER,1644,SOD Planning Officer
31914360,IL_PLANING_OFFCER,1833,SOD Planning Officer
31963400,IL_PLANING_OFFCER,1845,SOD Planning Officer
31995500,IL_PLANING_OFFCER,1919,SOD Planning Officer
32002521,IL_PLANING_OFFCER,1991,SOD Planning Officer
31948480,IL_PLANING_OFFCER,1999,SOD Planning Officer
32002583,IL_PLANING_OFFCER,4546,SOD Planning Officer
31925150,IL_PLANT_INCHARG,1259,Plant Incharge SOD 
31951000,IL_PLANT_INCHARG,1677,Plant Incharge SOD 
31952310,IL_CHMNGR_DNTSODZONE,1250,Zonal SOD
31906120,IL_DGM_SODZONE,1120,Zonal LPG SOD
31923770,IL_MANAGER_SOD,1000,HQO SOD
31966910,IL_MANAGER_SOD,1000,HQO SOD
31952090,IL_MNGR_DNTSODZONE,1449,Zonal SOD
30067140,IL_PLANING_OFFCER,1554,SOD Planning Officer
31910510,IL_PLANING_OFFCER,1128,SOD Planning Officer
31970750,IL_PLANING_OFFCER,1155,SOD Planning Officer
32002524,IL_PLANING_OFFCER,1216,SOD Planning Officer
31963510,IL_PLANING_OFFCER,1221,SOD Planning Officer
35419810,IL_PLANING_OFFCER,1242,SOD Planning Officer
31927370,IL_PLANING_OFFCER,1305,SOD Planning Officer
31982650,IL_PLANING_OFFCER,1319,SOD Planning Officer
31962200,IL_PLANING_OFFCER,1485,SOD Planning Officer
31958120,IL_PLANING_OFFCER,1588,SOD Planning Officer
31909700,IL_PLANING_OFFCER,1723,SOD Planning Officer
31994490,IL_PLANING_OFFCER,1777,SOD Planning Officer
32002176,IL_PLANING_OFFCER,1856,SOD Planning Officer
31984700,IL_PLANING_OFFCER,1915,SOD Planning Officer
31974410,IL_PLANING_OFFCER,1991,SOD Planning Officer
31957230,IL_PLANING_OFFCER,1991,SOD Planning Officer
31994280,IL_PLANING_OFFCER,1992,SOD Planning Officer
35298180,IL_PLANING_OFFCER,3693,SOD Planning Officer
31944920,IL_PLANING_OFFCER,4546,SOD Planning Officer
31944710,IL_PLANT_INCHARG,1498,Plant Incharge SOD 
31930530,IL_PLANT_INCHARG,1940,Plant Incharge SOD 
31910680,IL_DGM_SODNFP,1000,HQO SOD
31961390,IL_PLANING_OFFCER,1554,SOD Planning Officer
31941000,IL_PLANING_OFFCER,1554,SOD Planning Officer
31965250,IL_PLANING_OFFCER,1128,SOD Planning Officer
35417080,IL_PLANING_OFFCER,1183,SOD Planning Officer
32002419,IL_PLANING_OFFCER,1242,SOD Planning Officer
31947200,IL_PLANING_OFFCER,1305,SOD Planning Officer
31940420,IL_PLANING_OFFCER,1313,SOD Planning Officer
31957000,IL_PLANING_OFFCER,1334,SOD Planning Officer
31980160,IL_PLANING_OFFCER,1509,SOD Planning Officer
31975400,IL_PLANING_OFFCER,1584,SOD Planning Officer
31942010,IL_PLANING_OFFCER,1775,SOD Planning Officer
31954410,IL_PLANING_OFFCER,1775,SOD Planning Officer
31969770,IL_PLANING_OFFCER,1856,SOD Planning Officer
31976850,IL_PLANING_OFFCER,1856,SOD Planning Officer
31941290,IL_PLANT_INCHARG,1233,Plant Incharge SOD 
31900740,IL_DGM_SODZONE,1670,Zonal LPG SOD
31976720,IL_EXEOFF_DNTSODZONE,1191,Zonal SOD
31984100,IL_EXEOFF_DNTSODZONE,1662,Zonal SOD
31904220,IL_OPNHEAD_SODZONE,1200,Zonal Head LEVEL SOD
31974640,IL_EXEOFF_DNTSODZONE,1100,Zonal SOD
31975320,IL_PLANING_OFFCER,1424,SOD Planning Officer
32002088,IL_PLANING_OFFCER,1128,SOD Planning Officer
31967190,IL_PLANING_OFFCER,1155,SOD Planning Officer
31911290,IL_PLANING_OFFCER,1164,SOD Planning Officer
32002589,IL_PLANING_OFFCER,1183,SOD Planning Officer
32002079,IL_PLANING_OFFCER,1216,SOD Planning Officer
31989380,IL_PLANING_OFFCER,1292,SOD Planning Officer
31954230,IL_PLANING_OFFCER,1334,SOD Planning Officer
31918170,IL_PLANING_OFFCER,1397,SOD Planning Officer
31930760,IL_PLANING_OFFCER,1410,SOD Planning Officer
32002080,IL_PLANING_OFFCER,1435,SOD Planning Officer
31952230,IL_PLANING_OFFCER,1509,SOD Planning Officer
31965640,IL_PLANING_OFFCER,1630,SOD Planning Officer
32001380,IL_PLANING_OFFCER,1800,SOD Planning Officer
31937670,IL_PLANING_OFFCER,1895,SOD Planning Officer
32002509,IL_PLANING_OFFCER,1919,SOD Planning Officer
31923340,IL_PLANING_OFFCER,1919,SOD Planning Officer
32002307,IL_PLANING_OFFCER,1991,SOD Planning Officer
31994590,IL_PLANING_OFFCER,3129,SOD Planning Officer
31937750,IL_PLANING_OFFCER,4205,SOD Planning Officer
31910940,IL_PLANING_OFFCER,4546,SOD Planning Officer
31927550,IL_PLANT_INCHARG,1723,Plant Incharge SOD 
31917610,IL_PLANT_INCHARG,1999,Plant Incharge SOD 
31913660,IL_OPNHEAD_SODZONE,1100,Zonal Head LEVEL SOD
31940170,IL_SRMNGR_SODNFP,1000,HQO SOD
32002128,IL_PLANING_OFFCER,1259,SOD Planning Officer
31958910,IL_PLANING_OFFCER,1278,SOD Planning Officer
31958920,IL_PLANING_OFFCER,1436,SOD Planning Officer
31967420,IL_PLANING_OFFCER,1457,SOD Planning Officer
31927700,IL_PLANING_OFFCER,1527,SOD Planning Officer
31982370,IL_PLANING_OFFCER,1546,SOD Planning Officer
32002125,IL_PLANING_OFFCER,1588,SOD Planning Officer
35297980,IL_PLANING_OFFCER,1636,SOD Planning Officer
31989210,IL_PLANING_OFFCER,1650,SOD Planning Officer
31983320,IL_PLANING_OFFCER,1712,SOD Planning Officer
31993130,IL_PLANING_OFFCER,1777,SOD Planning Officer
35324900,IL_PLANING_OFFCER,1856,SOD Planning Officer
31949390,IL_PLANING_OFFCER,1953,SOD Planning Officer
31969800,IL_PLANING_OFFCER,1991,SOD Planning Officer
31909300,IL_PLANT_INCHARG,2458,Plant Incharge SOD 
31905640,IL_PLANT_INCHARG,1183,Plant Incharge SOD 
31909380,IL_PLANT_INCHARG,1693,Plant Incharge SOD 
30065650,IL_DGM_SODZONE,1100,Zonal LPG SOD
31916050,IL_DGM_SODZONE,1100,Zonal LPG SOD
31904260,IL_DGM_SODZONE,1770,Zonal LPG SOD
31904360,IL_PLANING_OFFCER,1128,SOD Planning Officer
32002454,IL_PLANING_OFFCER,1157,SOD Planning Officer
31954760,IL_PLANING_OFFCER,1216,SOD Planning Officer
31990110,IL_PLANING_OFFCER,1292,SOD Planning Officer
31980280,IL_PLANING_OFFCER,1308,SOD Planning Officer
31999180,IL_PLANING_OFFCER,1410,SOD Planning Officer
32001390,IL_PLANING_OFFCER,1410,SOD Planning Officer
31986350,IL_PLANING_OFFCER,1457,SOD Planning Officer
31968860,IL_PLANING_OFFCER,1742,SOD Planning Officer
35326490,IL_PLANING_OFFCER,1775,SOD Planning Officer
32002145,IL_PLANING_OFFCER,1777,SOD Planning Officer
31967300,IL_PLANING_OFFCER,1800,SOD Planning Officer
31994000,IL_PLANING_OFFCER,1856,SOD Planning Officer
32002453,IL_PLANING_OFFCER,1953,SOD Planning Officer
31957290,IL_PLANING_OFFCER,2408,SOD Planning Officer
31947890,IL_PLANT_INCHARG,1256,Plant Incharge SOD 
30065630,IL_PLANT_INCHARG,1845,Plant Incharge SOD 
31909710,IL_DGM_SODZONE,1726,Zonal LPG SOD
31950980,IL_MNGR_DNTSODZONE,1726,Zonal SOD
31901490,IL_OPNHEAD_SODZONE,1250,Zonal Head LEVEL SOD
31966370,IL_PLANING_OFFCER,1128,SOD Planning Officer
31917700,IL_PLANING_OFFCER,1256,SOD Planning Officer
31993850,IL_PLANING_OFFCER,1305,SOD Planning Officer
31981190,IL_PLANING_OFFCER,1546,SOD Planning Officer
31959080,IL_PLANING_OFFCER,1644,SOD Planning Officer
31953110,IL_PLANING_OFFCER,1656,SOD Planning Officer
31995480,IL_PLANING_OFFCER,1919,SOD Planning Officer
31950730,IL_PLANING_OFFCER,1992,SOD Planning Officer
31990070,IL_PLANING_OFFCER,4512,SOD Planning Officer
31962310,IL_PLANING_OFFCER,4546,SOD Planning Officer
32002299,IL_PLANING_OFFCER,4957,SOD Planning Officer
31924730,IL_PLANT_INCHARG,1341,Plant Incharge SOD 
31919540,IL_PLANT_INCHARG,1509,Plant Incharge SOD 
31913930,IL_PLANT_INCHARG,1551,Plant Incharge SOD 
31923710,IL_PLANT_INCHARG,1856,Plant Incharge SOD 
31938590,IL_DGM_SODZONE,1350,Zonal LPG SOD
31994030,IL_PLANING_OFFCER,1424,SOD Planning Officer
31995620,IL_PLANING_OFFCER,1424,SOD Planning Officer
31999070,IL_PLANING_OFFCER,1583,SOD Planning Officer
31999640,IL_PLANING_OFFCER,1157,SOD Planning Officer
31954520,IL_PLANING_OFFCER,1292,SOD Planning Officer
31956050,IL_PLANING_OFFCER,1397,SOD Planning Officer
32002157,IL_PLANING_OFFCER,1410,SOD Planning Officer
31974060,IL_PLANING_OFFCER,1527,SOD Planning Officer
31977140,IL_PLANING_OFFCER,1546,SOD Planning Officer
31986020,IL_PLANING_OFFCER,1742,SOD Planning Officer
31954500,IL_PLANING_OFFCER,1742,SOD Planning Officer
31907250,IL_PLANING_OFFCER,1845,SOD Planning Officer
35326550,IL_PLANING_OFFCER,1919,SOD Planning Officer
31995590,IL_PLANING_OFFCER,4664,SOD Planning Officer
31914880,IL_PLANT_INCHARG,1164,Plant Incharge SOD 
31907540,IL_PLANT_INCHARG,1187,Plant Incharge SOD 
31931190,IL_PLANT_INCHARG,1424,Plant Incharge SOD 
35296350,IL_PLANT_INCHARG,1650,Plant Incharge SOD 
31977680,IL_PLANT_INCHARG,1689,Plant Incharge SOD 
31953140,IL_PLANT_INCHARG,1915,Plant Incharge SOD 
31913200,IL_PLANT_INCHARG,1937,Plant Incharge SOD 
31916770,IL_DGM_SODNFP,1000,HQO SOD
30065530,IL_DGM_SODZONE,1000,Zonal LPG SOD
31905100,IL_DGM_SODZONE,1449,Zonal LPG SOD
31968120,IL_PLANING_OFFCER,1157,SOD Planning Officer
35414050,IL_PLANING_OFFCER,1254,SOD Planning Officer
31999610,IL_PLANING_OFFCER,1278,SOD Planning Officer
31972270,IL_PLANING_OFFCER,1292,SOD Planning Officer
31949070,IL_PLANING_OFFCER,1449,SOD Planning Officer
31941230,IL_PLANING_OFFCER,1546,SOD Planning Officer
31951530,IL_PLANING_OFFCER,1644,SOD Planning Officer
31908800,IL_PLANING_OFFCER,1644,SOD Planning Officer
31961230,IL_PLANING_OFFCER,1845,SOD Planning Officer
31994820,IL_PLANING_OFFCER,1937,SOD Planning Officer
35297740,IL_PLANING_OFFCER,1937,SOD Planning Officer
31938430,IL_PLANT_INCHARG,1254,Plant Incharge SOD 
31948930,IL_PLANT_INCHARG,1308,Plant Incharge SOD 
31964630,IL_EXEOFF_DNTSODZONE,1600,Zonal SOD
31922050,IL_CHMNGR_DNTSODZONE,1350,Zonal SOD
31957820,IL_PLANING_OFFCER,1128,SOD Planning Officer
31974870,IL_PLANING_OFFCER,1128,SOD Planning Officer
31943770,IL_PLANING_OFFCER,1281,SOD Planning Officer
32002451,IL_PLANING_OFFCER,1546,SOD Planning Officer
31982100,IL_PLANING_OFFCER,1677,SOD Planning Officer
31937490,IL_PLANING_OFFCER,1777,SOD Planning Officer
30078130,IL_PLANING_OFFCER,1871,SOD Planning Officer
31951790,IL_PLANING_OFFCER,1979,SOD Planning Officer
31901010,IL_PLANING_OFFCER,1991,SOD Planning Officer
32002482,IL_PLANING_OFFCER,3708,SOD Planning Officer
31951710,IL_PLANING_OFFCER,4957,SOD Planning Officer
31957470,IL_COLA_PLANNING,1000,COLA HQO Officer SOD
31907050,IL_PLANT_INCHARG,4957,Plant Incharge SOD 
31940160,IL_PLANT_INCHARG,1242,Plant Incharge SOD 
31910830,IL_PLANT_INCHARG,1992,Plant Incharge SOD 
31924860,IL_CHMNGR_DNTSODZONE,1450,Zonal SOD
31914220,IL_DGM_SODNFP,1000,HQO SOD
31904330,IL_GM_SOD,1000,HQO SOD
31975030,IL_PLANING_OFFCER,1216,SOD Planning Officer
31977320,IL_PLANING_OFFCER,1221,SOD Planning Officer
31979660,IL_PLANING_OFFCER,1221,SOD Planning Officer
31979740,IL_PLANING_OFFCER,1233,SOD Planning Officer
31990340,IL_PLANING_OFFCER,1292,SOD Planning Officer
31952880,IL_PLANING_OFFCER,1319,SOD Planning Officer
31979050,IL_PLANING_OFFCER,1341,SOD Planning Officer
31952780,IL_PLANING_OFFCER,1457,SOD Planning Officer
31962100,IL_PLANING_OFFCER,1527,SOD Planning Officer
31996430,IL_PLANING_OFFCER,1546,SOD Planning Officer
31999220,IL_PLANING_OFFCER,1546,SOD Planning Officer
31982020,IL_PLANING_OFFCER,1723,SOD Planning Officer
31971830,IL_PLANING_OFFCER,1775,SOD Planning Officer
31984940,IL_PLANING_OFFCER,1777,SOD Planning Officer
31958870,IL_PLANING_OFFCER,1845,SOD Planning Officer
32002086,IL_PLANING_OFFCER,1845,SOD Planning Officer
32001650,IL_PLANING_OFFCER,1915,SOD Planning Officer
31996190,IL_PLANING_OFFCER,1940,SOD Planning Officer
31995260,IL_PLANING_OFFCER,1973,SOD Planning Officer
35418130,IL_PLANING_OFFCER,1992,SOD Planning Officer
32002361,IL_PLANING_OFFCER,3718,SOD Planning Officer
39834970,IL_PLANING_OFFCER,3718,SOD Planning Officer
30077290,IL_PLANING_OFFCER,3718,SOD Planning Officer
31918360,IL_PLANT_INCHARG,4665,Plant Incharge SOD 
31901350,IL_PLANT_INCHARG,1652,Plant Incharge SOD 
30061730,IL_PLANT_INCHARG,1991,Plant Incharge SOD 
31950110,IL_DGM_SODZONE,1770,Zonal LPG SOD
31902360,IL_PLANING_OFFCER,1554,SOD Planning Officer
31966820,IL_PLANING_OFFCER,1155,SOD Planning Officer
31966870,IL_PLANING_OFFCER,1187,SOD Planning Officer
31974550,IL_PLANING_OFFCER,1305,SOD Planning Officer
32002382,IL_PLANING_OFFCER,1334,SOD Planning Officer
31970490,IL_PLANING_OFFCER,1498,SOD Planning Officer
31994730,IL_PLANING_OFFCER,1527,SOD Planning Officer
31939390,IL_PLANING_OFFCER,1895,SOD Planning Officer
31952850,IL_PLANING_OFFCER,1940,SOD Planning Officer
31914760,IL_PLANING_OFFCER,4664,SOD Planning Officer
31916340,IL_PLANT_INCHARG,1554,Plant Incharge SOD 
31924000,IL_PLANT_INCHARG,1656,Plant Incharge SOD 
31901290,IL_DGM_SODZONE,1726,Zonal LPG SOD
31902300,IL_DGM_SODZONE,1770,Zonal LPG SOD
31949500,IL_MANAGER_SOD,1000,HQO SOD
31977560,IL_MNGR_DNTSODZONE,1449,Zonal SOD
31981180,IL_PLANING_OFFCER,1313,SOD Planning Officer
31966830,IL_PLANING_OFFCER,1457,SOD Planning Officer
31953850,IL_PLANING_OFFCER,1546,SOD Planning Officer
32002313,IL_PLANING_OFFCER,1584,SOD Planning Officer
31945680,IL_PLANING_OFFCER,1588,SOD Planning Officer
31922000,IL_PLANING_OFFCER,1644,SOD Planning Officer
31995130,IL_PLANING_OFFCER,1800,SOD Planning Officer
32002146,IL_PLANING_OFFCER,1892,SOD Planning Officer
30073640,IL_PLANING_OFFCER,1973,SOD Planning Officer
32001770,IL_PLANING_OFFCER,1973,SOD Planning Officer
31926950,IL_PLANING_OFFCER,1991,SOD Planning Officer
31984870,IL_PLANING_OFFCER,3129,SOD Planning Officer
31948090,IL_COLA_PLANNING,9055,COLA HQO Officer SOD
31907770,IL_PLANT_INCHARG,1180,Plant Incharge SOD 
31906080,IL_PLANT_INCHARG,1281,Plant Incharge SOD 
31907850,IL_PLANT_INCHARG,1833,Plant Incharge SOD 
31914460,IL_DGM_SODNFP,1000,HQO SOD
31923130,IL_DGM_SODZONE,1350,Zonal LPG SOD
31914350,IL_GM_SOD,1000,HQO SOD
31916350,IL_CHMNGR_DNTSODZONE,1449,Zonal SOD
31977210,IL_PLANING_OFFCER,1180,SOD Planning Officer
31951270,IL_PLANING_OFFCER,3562,SOD Planning Officer
31962320,IL_PLANING_OFFCER,1146,SOD Planning Officer
31962020,IL_PLANING_OFFCER,1157,SOD Planning Officer
31984620,IL_PLANING_OFFCER,1221,SOD Planning Officer
31967570,IL_PLANING_OFFCER,1242,SOD Planning Officer
31985570,IL_PLANING_OFFCER,1242,SOD Planning Officer
31971910,IL_PLANING_OFFCER,1242,SOD Planning Officer
31993220,IL_PLANING_OFFCER,1259,SOD Planning Officer
31960250,IL_PLANING_OFFCER,1278,SOD Planning Officer
31989600,IL_PLANING_OFFCER,1281,SOD Planning Officer
31922180,IL_PLANING_OFFCER,1292,SOD Planning Officer
31915200,IL_PLANING_OFFCER,1546,SOD Planning Officer
31957010,IL_PLANING_OFFCER,1584,SOD Planning Officer
35298020,IL_PLANING_OFFCER,1636,SOD Planning Officer
31952340,IL_PLANING_OFFCER,1677,SOD Planning Officer
31975850,IL_PLANING_OFFCER,1797,SOD Planning Officer
31975600,IL_PLANING_OFFCER,1895,SOD Planning Officer
31959630,IL_PLANING_OFFCER,1979,SOD Planning Officer
31972500,IL_PLANING_OFFCER,1992,SOD Planning Officer
31909490,IL_PLANING_OFFCER,3708,SOD Planning Officer
31994220,IL_PLANING_OFFCER,3718,SOD Planning Officer
31994510,IL_PLANING_OFFCER,4546,SOD Planning Officer
31940190,IL_PLANT_INCHARG,3352,Plant Incharge SOD 
30049020,IL_PLANT_INCHARG,1442,Plant Incharge SOD 
31907520,IL_PLANT_INCHARG,1712,Plant Incharge SOD 
30064990,IL_PLANT_INCHARG,1800,Plant Incharge SOD 
31913480,IL_PLANT_INCHARG,1871,Plant Incharge SOD 
30068410,IL_PLANT_INCHARG,1973,Plant Incharge SOD 
31913860,IL_CHMNGR_DNTSODZONE,1730,Zonal SOD
30065620,IL_DGM_SODZONE,1600,Zonal LPG SOD
31901360,IL_DGM_SODZONE,1662,Zonal LPG SOD
31906900,IL_DGM_SODZONE,1750,Zonal LPG SOD
31904450,IL_ED_SOD,1000,HQO Head SOD
31900670,IL_GM_SOD,1600,HQO SOD
31968510,IL_MANAGER_SOD,1000,HQO SOD
31907340,IL_OPNHEAD_SODZONE,1350,Zonal Head LEVEL SOD
31929070,IL_PLANING_OFFCER,1554,SOD Planning Officer
31958270,IL_PLANING_OFFCER,1583,SOD Planning Officer
31980620,IL_PLANING_OFFCER,1242,SOD Planning Officer
31927040,IL_PLANING_OFFCER,1256,SOD Planning Officer
31948120,IL_PLANING_OFFCER,1341,SOD Planning Officer
31974810,IL_PLANING_OFFCER,1436,SOD Planning Officer
31968850,IL_PLANING_OFFCER,1442,SOD Planning Officer
31963000,IL_PLANING_OFFCER,1527,SOD Planning Officer
32002497,IL_PLANING_OFFCER,1588,SOD Planning Officer
31917230,IL_PLANING_OFFCER,1992,SOD Planning Officer
31939520,IL_PLANING_OFFCER,1999,SOD Planning Officer
31959680,IL_PLANING_OFFCER,3708,SOD Planning Officer
30049170,IL_PLANING_OFFCER,4546,SOD Planning Officer
32002568,IL_PLANING_OFFCER,4664,SOD Planning Officer
31972580,IL_PLANT_INCHARG,1462,Plant Incharge SOD 
31948720,IL_PLANT_INCHARG,1546,Plant Incharge SOD 
31939080,IL_PLANT_INCHARG,1953,Plant Incharge SOD 
31923420,IL_CHMNGR_DNTSODZONE,7020,Zonal SOD
31913660,IL_DGM_SODZONE,1100,Zonal LPG SOD
30077030,IL_DGM_SODZONE,1370,Zonal LPG SOD
31909150,IL_EXEOFF_DNTSODZONE,1350,Zonal SOD
31913160,IL_CHMNGR_DNTSODZONE,1200,Zonal SOD
31923840,IL_PLANING_OFFCER,1164,SOD Planning Officer
31985760,IL_PLANING_OFFCER,1221,SOD Planning Officer
31957880,IL_PLANING_OFFCER,1281,SOD Planning Officer
31908700,IL_PLANING_OFFCER,1457,SOD Planning Officer
31989540,IL_PLANING_OFFCER,1584,SOD Planning Officer
31990430,IL_PLANING_OFFCER,1588,SOD Planning Officer
31906590,IL_PLANING_OFFCER,1644,SOD Planning Officer
31994340,IL_PLANING_OFFCER,1644,SOD Planning Officer
31977680,IL_PLANING_OFFCER,1672,SOD Planning Officer
31908230,IL_PLANING_OFFCER,1777,SOD Planning Officer
31996130,IL_PLANING_OFFCER,1797,SOD Planning Officer
32002351,IL_PLANING_OFFCER,1919,SOD Planning Officer
32002110,IL_PLANING_OFFCER,1953,SOD Planning Officer
31917290,IL_PLANING_OFFCER,1992,SOD Planning Officer
31949560,IL_PLANING_OFFCER,4205,SOD Planning Officer
31908850,IL_PLANING_OFFCER,4546,SOD Planning Officer
31909770,IL_PLANING_OFFCER,4546,SOD Planning Officer
31952390,IL_PLANT_INCHARG,1155,Plant Incharge SOD 
31900600,IL_DGM_SODZONE,1370,Zonal LPG SOD
31948880,IL_MANAGER_SOD,1000,HQO SOD
31909600,IL_OPNHEAD_SODZONE,1120,Zonal Head LEVEL SOD
31906680,IL_DGM_SODZONE,1200,Zonal LPG SOD
31962790,IL_PLANING_OFFCER,1128,SOD Planning Officer
31968320,IL_PLANING_OFFCER,1233,SOD Planning Officer
31984690,IL_PLANING_OFFCER,1584,SOD Planning Officer
31931070,IL_PLANING_OFFCER,1630,SOD Planning Officer
31975590,IL_PLANING_OFFCER,1656,SOD Planning Officer
31980770,IL_PLANING_OFFCER,1723,SOD Planning Officer
31927770,IL_PLANING_OFFCER,1937,SOD Planning Officer
31901440,IL_PLANT_INCHARG,3708,Plant Incharge SOD 
31948690,IL_PLANT_INCHARG,1128,Plant Incharge SOD 
31949580,IL_MANAGER_SOD,1000,HQO SOD
32001790,IL_PLANING_OFFCER,1146,SOD Planning Officer
31968530,IL_PLANING_OFFCER,1164,SOD Planning Officer
31959530,IL_PLANING_OFFCER,1187,SOD Planning Officer
31948440,IL_PLANING_OFFCER,1504,SOD Planning Officer
35415630,IL_PLANING_OFFCER,1546,SOD Planning Officer
31982490,IL_PLANING_OFFCER,1546,SOD Planning Officer
35297660,IL_PLANING_OFFCER,1644,SOD Planning Officer
31952860,IL_PLANING_OFFCER,1723,SOD Planning Officer
31970730,IL_PLANING_OFFCER,1775,SOD Planning Officer
35327040,IL_PLANING_OFFCER,1833,SOD Planning Officer
31917510,IL_PLANING_OFFCER,1845,SOD Planning Officer
31996160,IL_PLANING_OFFCER,1871,SOD Planning Officer
31989560,IL_PLANING_OFFCER,1937,SOD Planning Officer
39834340,IL_PLANING_OFFCER,1992,SOD Planning Officer
31944540,IL_PLANING_OFFCER,1999,SOD Planning Officer
31915940,IL_PLANT_INCHARG,1457,Plant Incharge SOD 
31922580,IL_PLANT_INCHARG,1527,Plant Incharge SOD 
31959620,IL_PLANING_OFFCER,1424,SOD Planning Officer
31964500,IL_PLANING_OFFCER,1187,SOD Planning Officer
31967120,IL_PLANING_OFFCER,1278,SOD Planning Officer
31990120,IL_PLANING_OFFCER,1305,SOD Planning Officer
31963340,IL_PLANING_OFFCER,1334,SOD Planning Officer
31995640,IL_PLANING_OFFCER,1397,SOD Planning Officer
31968620,IL_PLANING_OFFCER,1410,SOD Planning Officer
32002159,IL_PLANING_OFFCER,1410,SOD Planning Officer
31913930,IL_PLANING_OFFCER,1551,SOD Planning Officer
31953000,IL_PLANING_OFFCER,1584,SOD Planning Officer
32002392,IL_PLANING_OFFCER,1723,SOD Planning Officer
32001010,IL_PLANING_OFFCER,1775,SOD Planning Officer
31950920,IL_PLANING_OFFCER,1937,SOD Planning Officer
31952040,IL_PLANING_OFFCER,1940,SOD Planning Officer
31954460,IL_PLANING_OFFCER,4546,SOD Planning Officer
31922740,IL_PLANT_INCHARG,2458,Plant Incharge SOD 
31907740,IL_PLANT_INCHARG,1221,Plant Incharge SOD 
31940940,IL_PLANT_INCHARG,1278,Plant Incharge SOD 
31906260,IL_PLANT_INCHARG,1305,Plant Incharge SOD 
31951810,IL_PLANT_INCHARG,1385,Plant Incharge SOD 
31928490,IL_PLANT_INCHARG,1485,Plant Incharge SOD 
31924090,IL_PLANT_INCHARG,1630,Plant Incharge SOD 
31922150,IL_PLANT_INCHARG,1742,Plant Incharge SOD 
31905220,IL_PLANT_INCHARG,1919,Plant Incharge SOD 
30067500,IL_DGM_SODZONE,1100,Zonal LPG SOD
31901360,IL_OPNHEAD_SODZONE,1670,Zonal Head LEVEL SOD
31906280,IL_OPNHEAD_SODZONE,1770,Zonal Head LEVEL SOD
31963540,IL_MNGR_DNTSODZONE,1120,Zonal SOD
31977840,IL_PLANING_OFFCER,1254,SOD Planning Officer
31974490,IL_PLANING_OFFCER,1305,SOD Planning Officer
31999630,IL_PLANING_OFFCER,1308,SOD Planning Officer
31941480,IL_PLANING_OFFCER,1313,SOD Planning Officer
31946190,IL_PLANING_OFFCER,1385,SOD Planning Officer
35325710,IL_PLANING_OFFCER,1871,SOD Planning Officer
31995610,IL_PLANING_OFFCER,1879,SOD Planning Officer
31958820,IL_PLANING_OFFCER,1979,SOD Planning Officer
31924010,IL_PLANING_OFFCER,1992,SOD Planning Officer
31916630,IL_PLANT_INCHARG,3778,Plant Incharge SOD 
31917340,IL_PLANT_INCHARG,1216,Plant Incharge SOD 
31922330,IL_PLANT_INCHARG,1292,Plant Incharge SOD 
31939800,IL_PLANT_INCHARG,1313,Plant Incharge SOD 
31946020,IL_PLANT_INCHARG,1435,Plant Incharge SOD 
31945020,IL_PLANT_INCHARG,1436,Plant Incharge SOD 
31917960,IL_PLANT_INCHARG,1588,Plant Incharge SOD 
31908840,IL_DGM_SODNFP,1000,HQO SOD
31966010,IL_EXEOFF_DNTSODZONE,9055,Zonal SOD
31957340,IL_PLANING_OFFCER,1259,SOD Planning Officer
35418340,IL_PLANING_OFFCER,1341,SOD Planning Officer
31982010,IL_PLANING_OFFCER,1509,SOD Planning Officer
31952470,IL_PLANING_OFFCER,1630,SOD Planning Officer
31995380,IL_PLANING_OFFCER,1775,SOD Planning Officer
31968800,IL_PLANING_OFFCER,1892,SOD Planning Officer
31954480,IL_PLANING_OFFCER,1919,SOD Planning Officer
31994810,IL_PLANING_OFFCER,1991,SOD Planning Officer
31989500,IL_PLANING_OFFCER,1992,SOD Planning Officer
31904460,IL_PLANING_OFFCER,3718,SOD Planning Officer
31911920,IL_PLANT_INCHARG,1410,Plant Incharge SOD 
31952550,IL_PLANT_INCHARG,1672,Plant Incharge SOD 
31927340,IL_CHMNGR_DNTSODZONE,1120,Zonal SOD
31900220,IL_GM_SOD,1000,HQO SOD
31973940,IL_MNGR_DNTSODZONE,1120,Zonal SOD
31958290,IL_PLANING_OFFCER,1183,SOD Planning Officer
31984660,IL_PLANING_OFFCER,1216,SOD Planning Officer
31924350,IL_PLANING_OFFCER,1221,SOD Planning Officer
31975160,IL_PLANING_OFFCER,1410,SOD Planning Officer
31995850,IL_PLANING_OFFCER,1485,SOD Planning Officer
31960720,IL_PLANING_OFFCER,1527,SOD Planning Officer
31982250,IL_PLANING_OFFCER,1546,SOD Planning Officer
32002516,IL_PLANING_OFFCER,1650,SOD Planning Officer
31990390,IL_PLANING_OFFCER,1677,SOD Planning Officer
31945720,IL_PLANING_OFFCER,1777,SOD Planning Officer
31958060,IL_PLANING_OFFCER,1991,SOD Planning Officer
35325230,IL_PLANING_OFFCER,1999,SOD Planning Officer
31907050,IL_PLANING_OFFCER,4957,SOD Planning Officer
31916330,IL_PLANT_INCHARG,4512,Plant Incharge SOD 
31948900,IL_PLANT_INCHARG,1146,Plant Incharge SOD 
31945240,IL_PLANT_INCHARG,1583,Plant Incharge SOD 
31913330,IL_PLANT_INCHARG,1797,Plant Incharge SOD 
31917750,IL_DGM_SODNFP,1000,HQO SOD
31906280,IL_DGM_SODZONE,1770,Zonal LPG SOD
31923130,IL_CHMNGR_DNTSODZONE,1350,Zonal SOD
